Resume_ID,Skills,Experience_Years,Education_Level,Projects_Count,Certifications,Publications,Awards,Leadership_Experience,Industry_Relevance,Resume_Score
1,"python,odoo,api,django",5,3.0,7,2,1,2,1,0.87,41.54
2,"html,css,javascript",1,2.0,2,0,0,0,0,0.6,14.08
3,"odoo,python,pandas,sql",4,3.0,6,1,0,1,1,0.87,34.54
4,"c++,oop,debugging",3,2.0,4,0,0,0,0,0.58,22.02
5,"python,scikit-learn,xgboost",4,3.0,6,3,2,2,1,0.88,38.26
6,"odoo,python,sql,automation",7,3.0,9,4,2,2,1,0.96,53.19
7,"aws,azure,gcp,devops",7,3.0,10,4,1,2,1,0.88,53.46
8,"html,css,sass",2,1.0,2,0,0,0,0,0.62,15.44
9,"python,odoo,dev_tools",6,3.0,8,3,2,1,1,0.89,45.49
10,"odoo,python,linux,api,git",5,3.0,8,2,1,1,1,0.89,43.79
11,"html,css,js",1,1.0,2,0,0,0,0,0.6,12.88
12,"html,wordpress",2,2.0,2,0,0,0,0,0.45,14.66
13,"python,odoo,flask,api",5,3.0,7,2,1,2,1,0.87,41.54
14,"python,html",2,2.0,2,0,0,0,0,0.5,14.8
15,"odoo,python,linux,sql,xpath",6,3.0,9,2,1,2,1,0.91,48.65
16,"python,odoo,ml,cloud,sql",6,3.0,9,3,1,2,1,0.93,49.9
17,"odoo,python,pandas,sql",6,3.0,8,3,2,2,1,0.9,47.82
18,"node.js,express,javascript",3,2.0,4,0,0,0,0,0.62,22.14
19,"python,odoo,numpy,pandas,rest",5,3.0,8,2,1,2,1,0.91,44.65
20,"c++,stl",2,2.0,3,0,0,0,0,0.5,16.3
21,"odoo,python,ml,docker,api",6,4.0,10,4,2,2,1,0.96,54.89
22,"python,odoo,numpy,matplotlib",5,3.0,7,2,2,2,1,0.88,42.56
23,"python,sql,excel",3,2.0,3,0,0,0,0,0.65,20.72
24,"react_native,expo,api",3,2.0,5,2,0,0,1,0.75,27.9
25,"c,embedded,arduino",2,2.0,3,0,0,0,0,0.52,17.86
26,"python,odoo,data_pipeline,sql",7,3.0,9,4,3,2,1,0.93,54.1
27,"python,odoo,docker,xml,git",6,3.0,9,3,1,2,1,0.92,49.88
28,"java,oop,servlets",3,2.0,3,0,0,0,0,0.55,20.44
29,"python,django,celery,redis",5,3.0,6,2,1,1,1,0.84,39.15
30,"azure,cloud_devops",6,3.0,8,3,1,2,1,0.86,43.71
31,"odoo,python,socketio,rest",5,3.0,7,3,2,2,1,0.89,43.79
32,"ruby,rails,postgresql,redis",5,2.0,6,2,0,1,1,0.8,36.84
33,"sql,data_reporting",4,2.0,3,1,0,0,0,0.6,22.78
34,"odoo,python,pandas,sql,ml",5,3.0,8,2,1,2,1,0.91,44.65
35,"odoo,python,javascript,api,xml",6,3.0,8,2,1,1,1,0.92,46.38
36,"javascript,jquery,html,css",2,1.0,3,0,0,0,0,0.64,18.49
37,"java,kotlin,android,retrofit",3,3.0,5,2,0,0,1,0.74,30.57
38,"c#,asp.net",3,2.0,3,0,0,0,0,0.55,18.94
39,"python,data_engineering",4,3.0,6,2,1,1,1,0.82,33.6
40,"vue,vuetify,api",3,2.0,4,1,0,0,1,0.72,25.12
41,"python,odoo,sql,html",4,2.0,6,2,1,1,1,0.83,35.42
42,"typescript,angular,rxjs",5,3.0,7,1,0,1,1,0.78,36.78
43,"java,servlets,jsp",3,2.0,4,0,0,0,0,0.63,22.16
44,"python,tensorflow,keras,opencv",3,3.0,5,2,1,0,0,0.78,30.18
45,"odoo,python,ml,xml,flask",6,3.0,9,3,2,2,1,0.94,50.93
46,"python,odoo,ai,nlp",7,4.0,9,4,3,2,1,0.93,55.3
47,"sql,datawarehouse,etl",6,3.0,7,3,1,2,1,0.85,43.68
48,"r,statistics,tableau,excel",6,4.0,10,4,5,2,1,0.9,56.22
49,"python,data_cleaning,ml",4,2.0,5,2,1,1,1,0.78,32.28
50,"c,embedded",3,2.0,3,0,0,0,0,0.5,18.8
51,"python,odoo,k8s,erp",6,3.0,8,3,0,2,1,0.93,45.9
52,"odoo,python,etl,pandas",6,3.0,8,3,2,1,1,0.89,46.99
53,"odoo,python,scikit-learn",5,3.0,7,3,2,2,1,0.89,42.29
54,"html,css,javascript",2,1.0,3,0,0,0,0,0.65,17.02
55,"python,data_cleaning",3,2.0,3,1,0,0,0,0.6,20.28
56,"odoo,python,rest_api,xml",4,3.0,6,2,0,1,1,0.88,35.76
57,"python,django,postgresql,aws",2,2.0,3,1,0,0,0,0.7,21.06
58,"odoo,python,cloud,git,html",6,3.0,9,3,1,1,1,0.92,49.08
59,"python,numpy,pandas",4,2.0,5,2,1,1,1,0.8,32.34
60,"python,odoo,crm,sales",5,3.0,7,2,1,2,1,0.92,41.68
61,"c,c++,debugging",2,2.0,3,0,0,0,0,0.64,18.19
62,"aws,serverless,lambda",6,3.0,8,3,1,2,1,0.86,45.21
63,"odoo,python,django,sql",6,3.0,8,3,2,2,1,0.91,47.85
64,"aws,s3,ec2,rds",5,3.0,6,2,1,1,1,0.84,39.15
65,"python,data_preprocessing",4,2.0,5,2,1,0,1,0.78,29.98
66,"java,spring,jpa",4,3.0,5,1,0,1,1,0.76,31.23
67,"sql,etl,excel",3,2.0,4,1,0,0,0,0.6,23.28
68,"odoo,python,erpnext,html",4,2.0,6,2,1,1,1,0.83,35.42
69,"java,android_studio",3,2.0,4,1,0,0,0,0.6,21.78
70,"c++,qt,embedded",4,2.0,5,1,0,1,1,0.75,30.0
71,"python,odoo,backend,sql",5,3.0,7,2,2,1,1,0.87,41.74
72,"python,odoo,etl,pandas",6,3.0,8,3,2,1,1,0.9,47.02
73,"odoo,python,html,bootstrap",3,2.0,5,1,0,0,1,0.85,28.48
74,"excel,power_bi",2,2.0,3,1,0,0,0,0.55,17.64
75,"odoo,python,fastapi,sql",5,3.0,7,2,2,1,1,0.88,41.76
76,"r,t-test,anova",3,2.0,4,2,1,0,0,0.73,25.84
77,"python,odoo,flask,html",4,2.0,6,2,1,1,1,0.82,35.4
78,"sql,tableau,vba",4,2.0,4,2,0,0,0,0.65,27.12
79,"machine_learning,ai,python,tensorflow",5,4.0,9,4,2,1,1,0.9,48.42
80,"python,keras,cnn",5,3.0,7,3,1,1,1,0.86,40.41
81,"odoo,python,flask,cloud,sql",6,3.0,9,2,1,1,1,0.91,47.85
82,"java,android,kotlin,firebase",4,3.0,7,2,1,1,1,0.82,38.1
83,"python,odoo,data_mining,sql",7,3.0,9,4,3,2,1,0.94,54.13
84,"python,odoo,flask,xml,sql",6,3.0,9,3,1,2,1,0.93,49.9
85,"html,bootstrap,seo",2,2.0,3,0,0,0,0,0.55,17.94
86,"c++,data_structures",2,2.0,3,0,0,0,0,0.45,16.16
87,"odoo,python,erp,docker",6,3.0,8,3,1,2,1,0.9,46.82
88,"python,odoo,javascript,vue,sql",5,3.0,8,2,1,2,1,0.91,44.65
89,"ruby,rails,postgresql,redis",5,2.0,6,2,0,1,1,0.8,36.84
90,"python,html,css",2,2.0,3,1,0,0,0,0.6,19.28
91,"react,typescript,api",3,2.0,5,1,0,0,1,0.72,26.62
92,"odoo,python,ml,etl,pandas",7,4.0,10,4,3,2,1,0.96,58.39
93,"python,odoo,unit_test",5,3.0,7,2,2,1,1,0.87,40.24
94,"python,odoo,sql,ml,rest_api",7,3.0,10,3,2,2,1,0.95,54.96
95,"python,odoo,devops,api",6,3.0,8,2,2,1,1,0.88,45.76
96,"odoo,python,django,ml",5,3.0,7,3,2,2,1,0.89,43.79
97,"excel,sql,power_bi,data_visualization",3,2.0,4,1,0,0,0,0.7,25.06
98,"python,odoo,ml,postgresql,flask",6,4.0,10,3,2,2,1,0.95,53.66
99,"r,shiny,statistics,ml",6,4.0,9,3,2,2,1,0.89,50.49
100,"java,spring,hibernate,mysql",3,2.0,4,2,0,0,0,0.75,26.4
101,"python,html,css",2,2.0,2,0,0,0,0,0.6,16.58
102,"odoo,python,sql,data_analysis",6,3.0,7,3,2,1,1,0.89,45.49
103,"python,odoo,api,etl",6,3.0,8,3,2,2,1,0.91,47.85
104,"python,odoo,api,flask,django",5,3.0,8,2,0,1,1,0.9,42.82
105,"odoo,python,sql,javascript,api",6,4.0,10,4,2,2,1,0.95,54.86
106,"odoo,python,data_cleaning",6,3.0,8,3,2,2,1,0.9,46.32
107,"python,scripting",3,2.0,3,0,0,0,0,0.6,19.08
108,"python,odoo,cloud,ci_cd",6,3.0,8,3,2,2,1,0.91,47.85
109,"odoo,python,data_analysis",5,3.0,7,3,2,1,1,0.88,41.46
110,"odoo,python,git,github",6,3.0,8,3,2,2,1,0.9,47.82
111,"odoo,python,erp,sql,html",5,3.0,8,2,1,1,1,0.9,43.82
112,"odoo,python,cloud,sql",5,3.0,7,3,1,1,1,0.88,41.96
113,"linux,shell,networking,security",5,2.0,6,2,1,0,1,0.75,36.9
114,"odoo,python,xpath,api",6,3.0,8,2,0,1,1,0.93,43.9
115,"python,ml,statistics",4,3.0,6,3,1,1,1,0.83,36.32
116,"odoo,python,rest,cloud,django",5,3.0,8,2,1,2,1,0.9,44.62
117,"c#,asp.net,sql_server,api",6,3.0,8,2,0,1,1,0.8,43.54
118,"sql,database,reporting",4,2.0,4,1,0,0,0,0.66,25.95
119,"c++,algorithms,data_structures",1,2.0,2,0,0,0,0,0.6,14.08
120,"python,odoo,flask,sql",5,2.0,6,1,0,1,1,0.87,35.84
121,"python,odoo,vue,html,rest",4,3.0,7,1,0,1,1,0.88,37.56
122,"python,nlp,gensim,spacy",4,4.0,8,3,2,2,1,0.91,44.05
123,"python,flask,mysql",3,2.0,4,1,0,1,1,0.74,25.97
124,"odoo,python,cloud,api,docker",5,3.0,8,2,0,1,1,0.89,42.79
125,"python,odoo,data_engineering",5,3.0,7,3,2,2,1,0.88,42.26
126,"sql,data_entry,excel",4,1.0,2,0,0,0,0,0.4,19.82
127,"react,redux",3,2.0,3,1,0,0,0,0.6,20.28
128,"python,odoo,celery,rest_api",6,3.0,8,3,2,2,1,0.9,47.82
129,"odoo,python,visualization",4,3.0,6,2,1,1,1,0.84,35.15
130,"python,fastapi,sql",4,2.0,5,2,0,1,1,0.78,31.28
131,"python,odoo,django,postgresql,xml",6,3.0,9,2,1,2,1,0.93,48.7
132,"python,sql,data_viz",3,2.0,3,1,0,0,0,0.65,21.92
133,"html,css,javascript,jquery",2,1.0,3,1,0,0,0,0.65,19.72
134,"odoo,python,pipeline,data",6,3.0,8,3,2,2,1,0.91,47.85
135,"c++,oop",3,2.0,3,0,0,0,0,0.5,18.8
136,"python,flask,mysql,html",2,2.0,3,1,0,0,1,0.65,22.42
137,"odoo,python,flask,react,sql",5,3.0,8,2,1,1,1,0.89,43.79
138,"python,django,postgresql,aws",2,2.0,3,1,0,0,0,0.7,21.06
139,"nlp,seq2seq,attention",5,4.0,7,3,2,2,1,0.91,43.55
140,"odoo,python,postgresql",4,3.0,6,2,1,1,1,0.84,35.15
141,"odoo,python,javascript,sql",4,2.0,6,2,1,1,1,0.83,35.42
142,"python,odoo,ml,api",5,3.0,7,3,2,2,1,0.91,43.85
143,"odoo,python,linux",6,3.0,7,2,1,2,1,0.88,42.56
144,"python,odoo,git,ci_cd",5,3.0,7,2,2,2,1,0.89,42.59
145,"python,odoo,docker,nginx",6,3.0,8,3,2,2,1,0.91,47.85
146,"html,css,webflow",2,1.0,2,0,0,0,0,0.63,15.46
147,"html,css,vanilla_js",2,1.0,3,0,0,0,0,0.63,16.96
148,"python,odoo,scikit-learn",6,3.0,8,3,2,2,1,0.9,46.32
149,"python,ai,ml",5,4.0,8,3,2,2,1,0.89,44.99
150,"python,odoo,javascript,git,django",4,3.0,7,1,0,1,1,0.87,37.54
151,"odoo,python,html,css",3,2.0,5,2,0,0,1,0.85,29.68
152,"html,css,design",2,1.0,3,0,0,0,0,0.64,16.99
153,"odoo,python,machine_learning",5,4.0,9,4,3,2,1,0.93,48.8
154,"etl,airflow,snowflake",6,3.0,8,3,1,2,1,0.87,45.24
155,"nodejs,express,mongodb,jwt",4,2.0,5,1,0,0,1,0.72,30.62
156,"java,testing,junit,selenium",5,3.0,6,2,1,1,1,0.8,39.04
157,"odoo,python,rest,sql,linux",5,3.0,8,2,1,1,1,0.9,43.82
158,"python,odoo,scikit-learn,flask,sql",5,3.0,8,2,0,1,1,0.9,42.82
159,"vue,tailwind,typescript",4,2.0,5,2,0,0,1,0.76,30.43
160,"sql,etl",4,2.0,4,1,0,0,0,0.6,24.28
161,"php,laravel",2,2.0,3,0,0,0,0,0.55,16.44
162,"odoo,python,database,ml",5,4.0,7,2,1,1,1,0.94,42.13
163,"python,odoo,rest,sql,flask",6,3.0,9,3,2,2,1,0.94,50.93
164,"python,odoo,flask,pytorch,sql",5,4.0,9,3,2,2,1,0.94,49.63
165,"odoo,python,api,html,css",5,3.0,8,2,0,1,1,0.88,42.76
166,"java,android,kotlin",3,2.0,4,0,0,0,0,0.62,22.14
167,"tensorflow,deep_learning",5,3.0,6,2,2,1,1,0.85,37.18
168,"html,css,figma",2,1.0,3,0,0,0,0,0.52,16.66
169,"python,odoo,api,sql",6,4.0,9,4,3,2,1,0.93,52.8
170,"python,data_cleaning",2,2.0,3,1,0,0,0,0.6,17.78
171,"python,ml,odoo,sql",5,3.0,7,2,2,1,1,0.89,41.79
172,"r,excel,data_analysis",3,2.0,3,1,0,0,0,0.55,21.64
173,"odoo,python,flask,jinja",5,3.0,7,2,2,2,1,0.89,42.59
174,"python,odoo,webhooks,api",5,3.0,7,2,2,2,1,0.88,42.56
175,"python,odoo,flask",6,3.0,7,3,2,1,1,0.89,43.99
176,"odoo,python,numpy,pandas",6,3.0,8,3,2,2,1,0.91,47.85
177,"python,odoo,api,erp,ml",6,4.0,10,3,2,2,1,0.96,53.69
178,"deep_learning,pytorch,cv",4,4.0,7,3,2,2,1,0.89,40.99
179,"c,embedded,rtos,uC",6,2.0,5,2,0,1,1,0.7,37.56
180,"python,odoo,rest_api,django",5,3.0,7,3,2,2,1,0.89,43.79
181,"javascript,typescript",3,2.0,3,0,0,0,0,0.55,18.94
182,"python,odoo,flask,aws,sql",5,3.0,8,2,1,2,1,0.91,44.65
183,"odoo,erp,python,mysql",5,3.0,7,2,1,1,1,0.87,40.74
184,"odoo,python,docker,cloud",6,3.0,8,3,2,2,1,0.91,47.85
185,"odoo,python,postgresql,etl",6,3.0,8,3,2,2,1,0.9,47.82
186,"python,odoo,flask,xml,postgres",5,3.0,8,2,0,1,1,0.9,42.82
187,"html,css,js",2,1.0,2,0,0,0,0,0.45,14.96
188,"java,web",2,2.0,2,0,0,0,0,0.45,14.66
189,"python,odoo,xml,qweb",5,3.0,7,2,1,0,1,0.9,40.02
190,"javascript,jquery",2,2.0,2,0,0,0,0,0.5,14.8
191,"python,odoo,javascript,ml,sql",6,3.0,9,3,2,2,1,0.94,50.93
192,"python,odoo,sqlite,tkinter",5,3.0,7,2,1,1,1,0.86,40.71
193,"odoo,python,html,css",4,2.0,6,1,1,1,1,0.82,34.2
194,"python,odoo,pandas,numpy,sql",5,3.0,8,2,1,1,1,0.9,43.82
195,"odoo,python,sqlalchemy",5,3.0,7,2,1,2,1,0.87,40.04
196,"javascript,react,node.js,mongodb",4,2.0,6,1,0,2,1,0.8,33.94
197,"python,odoo,xpath,sql,api",5,3.0,8,2,0,2,1,0.89,43.59
198,"python,odoo,plotly,dash",6,3.0,8,3,2,2,1,0.91,47.85
199,"python,odoo,data_engineering",7,3.0,9,4,2,2,1,0.93,51.6
200,"odoo,python,database,debugging",5,3.0,7,3,2,2,1,0.89,43.79
201,"python,odoo,erp,xml,sql",5,3.0,7,2,0,1,1,0.89,41.29
202,"odoo,python,linux,devops",4,3.0,6,2,1,1,1,0.89,36.79
203,"python,odoo,linux,postman",5,3.0,7,3,2,1,1,0.88,42.96
204,"html,css,javascript",2,2.0,3,1,0,0,0,0.5,19.0
205,"python,odoo,git,xml,html",4,3.0,7,2,0,1,1,0.87,38.74
206,"html,css,ux",2,1.0,3,0,0,0,0,0.64,16.99
207,"java,sql",3,1.0,3,0,0,0,0,0.5,17.6
208,"html,css,tailwind,bootstrap",1,1.0,2,0,0,0,0,0.6,14.38
209,"cpp,data_structures",3,2.0,4,1,0,1,1,0.74,24.47
210,"html,css,bootstrap",2,1.0,3,0,0,0,0,0.55,16.74
211,"java,android,kotlin,firebase",4,3.0,7,2,1,1,1,0.82,38.1
212,"html,css,javascript",2,2.0,3,1,0,0,0,0.45,18.86
213,"odoo,python,javascript,vue",4,2.0,6,1,1,1,1,0.83,34.22
214,"python,odoo,xpath,rest,ml",5,4.0,10,3,2,2,1,0.95,51.16
215,"python,odoo,statistics",5,4.0,8,4,3,1,1,0.92,46.48
216,"java,xml,android",3,2.0,4,0,0,0,0,0.6,22.08
217,"excel,vba,macros",3,2.0,4,1,0,0,0,0.7,23.56
218,"python,ml",2,2.0,3,1,0,0,0,0.6,17.78
219,"r,dplyr,tibble",3,2.0,4,1,1,0,0,0.72,24.62
220,"python,odoo,performance,logging",5,3.0,7,2,1,1,1,0.87,40.74
221,"python,r,matplotlib",3,2.0,4,1,1,0,0,0.73,24.64
222,"python,odoo,numpy,pandas",4,3.0,6,2,1,1,1,0.83,36.62
223,"cpp,qt,gui",3,2.0,4,1,0,1,0,0.72,24.42
224,"odoo,python,xpath,erp,linux",6,3.0,9,3,2,2,1,0.93,50.9
225,"data_science,pandas,numpy,matplotlib",4,3.0,6,3,2,1,1,0.82,38.8
226,"html,css,figma,ux",2,2.0,3,1,0,0,0,0.66,20.95
227,"c++,game_dev,unity,ue4",2,2.0,3,0,0,0,0,0.62,19.64
228,"python,odoo,sql,flask",6,3.0,8,3,2,1,1,0.91,47.05
229,"odoo,python,xpath,erp,api",6,3.0,9,3,1,2,1,0.93,49.9
230,"python,odoo,django,ml,sql",5,3.0,8,2,1,2,1,0.91,44.65
231,"python,odoo,data_structures",6,3.0,8,2,2,1,1,0.88,44.26
232,"odoo,python,html,bootstrap",4,2.0,5,1,1,1,1,0.81,32.67
233,"python,odoo,django,javascript,api",5,3.0,8,2,0,1,1,0.89,42.79
234,"python,odoo,qweb,reporting",4,3.0,6,2,0,1,1,0.89,35.79
235,"python,cv,object_detection",5,3.0,6,3,1,1,1,0.86,38.91
236,"excel,word,reporting",4,1.0,2,0,0,0,0,0.5,20.1
237,"react,tailwind,typescript",3,2.0,5,2,0,0,1,0.76,27.93
238,"python,odoo,ml,api",5,4.0,7,3,1,1,1,0.94,43.33
239,"python,odoo,ai,flask",7,3.0,8,4,2,2,1,0.92,51.58
240,"python,odoo,visualization",5,3.0,7,3,2,1,1,0.88,41.46
241,"python,odoo,html,css,api",4,3.0,7,1,0,1,1,0.87,37.54
242,"scala,spark,hadoop",6,3.0,9,3,1,2,1,0.87,46.74
243,"python,fastapi,redis",5,3.0,6,2,1,1,1,0.83,37.62
244,"python,odoo,qweb,erp",5,3.0,7,3,1,2,1,0.91,42.85
245,"python,odoo,data_cleaning",5,3.0,7,2,1,1,1,0.86,39.21
246,"odoo,python,javascript,sql,erp",6,3.0,9,3,2,2,1,0.93,50.9
247,"swift,ios,ui_kit,core_data",4,2.0,5,2,0,1,1,0.78,32.78
248,"sql,excel",4,2.0,4,1,0,0,0,0.6,24.28
249,"python,odoo,flask,html,sql",5,3.0,8,2,0,1,1,0.89,42.79
250,"python,odoo,jupyter,ml",6,3.0,8,3,2,2,1,0.9,47.82
251,"r,statistics",3,2.0,4,1,0,0,0,0.59,21.75
252,"c++,algorithms,data_structures",1,2.0,2,0,0,0,0,0.6,14.08
253,"python,machine_learning,data_analysis,sql",5,3.0,8,3,2,1,1,0.85,44.38
254,"php,mysql,laravel",3,2.0,4,1,0,0,0,0.6,23.28
255,"html,css,jquery",2,2.0,3,0,0,0,0,0.57,18.0
256,"linux,networking,shell",4,2.0,3,1,0,0,0,0.6,24.28
257,"python,machine_learning,data_analysis,sql",5,3.0,8,3,2,1,1,0.85,44.38
258,"python,odoo,sql,devops",5,3.0,7,3,2,2,1,0.89,43.79
259,"linux,scripting",4,2.0,3,0,0,0,0,0.6,21.58
260,"odoo,python,react,api",5,3.0,7,2,1,1,1,0.86,40.71
261,"python,odoo,django,api",7,3.0,9,4,3,2,1,0.94,54.13
262,"cpp,os,system_programming",4,2.0,5,1,0,1,1,0.76,30.03
263,"odoo,python,cloud,flask",4,2.0,6,2,1,1,1,0.84,35.45
264,"nlp,bert,transformers",5,4.0,7,3,2,2,1,0.91,43.55
265,"c#,wpf,desktop_apps",5,2.0,6,1,0,0,1,0.74,33.17
266,"data_mining,sql,python",3,2.0,4,1,1,0,0,0.74,24.67
267,"python,odoo,flask,postgresql",5,3.0,7,2,1,2,1,0.87,41.54
268,"java,algorithms",2,2.0,2,0,0,0,0,0.45,14.66
269,"sql,etl,databricks,azure",6,3.0,8,3,1,1,1,0.86,45.91
270,"python,odoo,javascript,ajax",3,2.0,5,1,0,0,1,0.84,28.45
271,"python,odoo,ml,tensorflow",6,3.0,8,3,2,2,1,0.91,47.85
272,"python,odoo,streamlit,api",6,3.0,8,3,2,2,1,0.9,47.82
273,"python,odoo,git,html,css",4,3.0,7,1,0,1,1,0.86,37.51
274,"css,ux,ui_design",3,1.0,3,1,0,0,0,0.5,20.3
275,"odoo,python,xml,sql,jquery",4,3.0,7,1,0,1,1,0.86,37.51
276,"html,css,ui",1,1.0,2,0,0,0,0,0.6,12.88
277,"python,odoo,vue,html,git",5,3.0,8,2,1,1,1,0.89,43.79
278,"odoo,python,django,postgresql,rest",5,3.0,8,2,1,2,1,0.91,44.65
279,"python,tensorflow,keras,opencv",3,3.0,5,2,1,0,0,0.78,30.18
280,"java,spring,security",4,3.0,6,2,0,1,1,0.8,34.04
281,"react,redux,javascript,html,css",2,2.0,4,1,0,0,1,0.68,25.5
282,"python,odoo,rest,django,html",5,3.0,8,2,1,1,1,0.89,43.79
283,"c++,linux,networking",4,2.0,5,1,0,1,1,0.75,30.0
284,"html,css,tailwind",2,1.0,3,0,0,0,0,0.45,16.46
285,"c++,data_structures,oop",2,2.0,3,1,0,0,0,0.55,19.14
286,"python,odoo,fastapi,docker",6,3.0,8,3,2,1,1,0.9,47.02
287,"odoo,python,data_analysis,crm",4,3.0,6,3,0,1,1,0.86,36.91
288,"c,linux,embedded",3,2.0,4,1,0,0,0,0.6,23.28
289,"python,odoo,flask,mysql",5,3.0,7,2,1,1,1,0.86,40.71
290,"odoo,python,html,css",4,2.0,6,1,1,1,1,0.82,34.2
291,"python,odoo,machine_learning,nlp",7,4.0,9,4,3,2,1,0.94,55.33
292,"css,sass,figma",2,1.0,3,0,0,0,0,0.45,16.46
293,"odoo,python,sql,analytics",5,3.0,7,2,1,2,1,0.88,41.56
294,"java,spring",3,2.0,3,0,0,0,0,0.55,18.94
295,"c#,asp.net",3,2.0,3,0,0,0,0,0.55,18.94
296,"odoo,python,debug,erp",6,3.0,8,3,2,2,1,0.91,47.85
297,"odoo,python,javascript,api",6,3.0,8,3,1,2,1,0.89,46.79
298,"odoo,python,flask,numpy,ml",6,4.0,10,3,2,2,1,0.96,53.69
299,"nodejs,graphql,mongodb",5,3.0,6,2,1,1,1,0.83,37.62
300,"odoo,python,pandas,sql",5,3.0,7,3,2,2,1,0.89,43.79
301,"python,odoo,sql,django",6,3.0,8,3,2,1,1,0.91,47.05
302,"odoo,python,mlops",6,3.0,8,3,2,2,1,0.91,46.35
303,"r,statistics,tableau,excel",6,4.0,10,4,5,2,1,0.9,56.22
304,"bash,linux,devops",4,2.0,5,2,0,0,1,0.76,30.43
305,"java,spring,hibernate,mysql",3,2.0,4,2,0,0,0,0.75,26.4
306,"html,css,wordpress,seo",2,1.0,3,1,0,0,0,0.65,19.72
307,"kotlin,android_studio",4,2.0,5,1,0,0,1,0.74,27.67
308,"odoo,python,sql,postgresql",4,3.0,6,2,1,1,1,0.84,36.65
309,"cloud,terraform,kubernetes",6,3.0,9,3,1,2,1,0.88,46.76
310,"odoo,python,pandas,flask",5,3.0,7,2,2,1,1,0.87,41.74
311,"docker,k8s,cloud",6,3.0,8,3,1,2,1,0.87,45.24
312,"javascript,vue,vite",3,2.0,4,1,0,1,1,0.74,25.97
313,"python,odoo,javascript,xmlrpc",5,3.0,7,2,2,2,1,0.88,42.56
314,"odoo,python,visual_studio",5,3.0,7,2,1,1,1,0.86,39.21
315,"java,springboot,mongodb,docker",5,3.0,7,2,0,1,0,0.76,37.93
316,"java,android,sqlite",3,2.0,4,1,0,0,0,0.55,23.14
317,"sql,powerbi,reporting",4,2.0,5,2,1,1,1,0.79,32.31
318,"python,odoo,react,docker",4,3.0,6,2,0,1,1,0.88,35.76
319,"python,odoo,xpath,django,numpy",6,4.0,10,4,2,2,1,0.96,54.89
320,"r,statistics",3,2.0,3,1,0,0,0,0.6,20.28
321,"odoo,python,pandas,sql,html",4,3.0,7,1,0,1,1,0.87,37.54
322,"sql,excel,data_viz",3,2.0,4,1,0,0,0,0.66,23.45
323,"html,css",1,1.0,2,0,0,0,0,0.4,10.82
324,"typescript,vue,html",2,2.0,3,0,0,0,0,0.5,17.8
325,"odoo,python,mongodb,api",5,3.0,7,2,1,1,1,0.87,40.74
326,"c++,oop,stl",2,2.0,3,0,0,0,0,0.65,18.22
327,"r,data_viz,ggplot",3,2.0,4,2,1,0,0,0.73,25.84
328,"python,odoo,flask,postgresql",4,2.0,6,2,1,1,1,0.85,35.48
329,"odoo,python,web_dev",5,3.0,7,2,1,1,1,0.87,39.24
330,"php,html",2,2.0,3,0,0,0,0,0.5,16.3
331,"odoo,python,flask,sql",5,3.0,7,2,1,1,1,0.86,40.71
332,"odoo,python,xpath,jquery,ml",5,3.0,8,2,1,2,1,0.91,44.65
333,"java,ds,algorithms",3,2.0,4,1,0,1,1,0.74,25.97
334,"java,struts,oracle",4,2.0,5,1,0,1,1,0.76,30.03
335,"odoo,python,ml,aws",6,3.0,8,2,1,2,1,0.88,45.56
336,"python,odoo,vue,api",5,3.0,7,2,1,1,1,0.86,40.71
337,"html,css,javascript,vue",2,2.0,3,1,0,0,0,0.65,20.92
338,"javascript,react,bootstrap",3,2.0,3,1,0,0,0,0.5,21.5
339,"python,odoo,docker,api,sql",5,3.0,8,2,1,1,1,0.89,43.79
340,"python,odoo,git,erp",6,3.0,8,2,0,2,1,0.91,44.65
341,"odoo,python,api,erp",5,3.0,7,3,2,2,1,0.89,43.79
342,"react,redux,javascript",3,2.0,4,0,0,0,0,0.58,22.02
343,"odoo,python,postgresql",6,3.0,8,3,2,2,1,0.91,46.35
344,"c,algorithms",3,2.0,4,0,0,0,0,0.55,20.44
345,"python,odoo,flask,xpath,git",6,3.0,9,3,2,2,1,0.94,50.93
346,"odoo,python,sql,git,docker",6,3.0,9,3,1,2,1,0.92,49.88
347,"odoo,python,erp,html,css",4,2.0,7,1,0,1,1,0.85,36.28
348,"sql,etl,data_pipeline",6,3.0,8,3,1,2,1,0.87,45.24
349,"css,figma,ui_design",2,1.0,3,0,0,0,0,0.64,16.99
350,"java,sql",4,2.0,3,1,0,0,0,0.6,22.78
351,"python,odoo,data_analysis,sql",6,3.0,8,3,2,2,1,0.91,47.85
352,"odoo,python,pandas,numpy,api",6,4.0,10,3,2,2,1,0.95,53.66
353,"python,data_cleaning",3,2.0,3,1,0,0,0,0.65,20.42
354,"python,opencv,scikit-learn",4,3.0,6,3,2,1,1,0.85,37.38
355,"python,odoo,postgresql,api",6,3.0,8,3,2,2,1,0.91,47.85
356,"java,android,xml",4,2.0,5,1,0,0,1,0.74,29.17
357,"html,css,javascript,jquery",2,1.0,3,1,0,0,0,0.65,19.72
358,"python,odoo,postgresql,api",6,3.0,8,3,1,1,1,0.95,46.16
359,"python,fastapi",3,2.0,3,0,0,0,0,0.65,19.22
360,"javascript,react,node.js,mongodb",4,2.0,6,1,0,2,1,0.8,33.94
